{"cameraMode":{"drawMode":0,"name":"Shaded","section":"Shading Mode"},"sceneLighting":false,"audioPlay":false,"sceneViewState":{"m_AlwaysRefresh":false,"showFog":true,"showSkybox":false,"showFlares":true,"showImageEffects":true,"showParticleSystems":true,"showVisualEffectGraphs":true,"m_FxEnabled":true},"in2DMode":false,"pivot":{"x":2.341024875640869,"y":-27.7392520904541,"z":-60.016502380371097},"rotation":{"x":0.004088568035513163,"y":0.9745649099349976,"z":-0.22337083518505097,"w":0.017837384715676309},"size":34.849403381347659,"orthographic":false}