{"cameraMode":{"drawMode":0,"name":"Shaded","section":"Shading Mode"},"sceneLighting":false,"audioPlay":false,"sceneViewState":{"m_AlwaysRefresh":false,"showFog":true,"showSkybox":false,"showFlares":true,"showImageEffects":true,"showParticleSystems":true,"showVisualEffectGraphs":true,"m_FxEnabled":true},"in2DMode":false,"pivot":{"x":-0.20436763763427735,"y":6.667932033538818,"z":-0.3077516555786133},"rotation":{"x":0.03121352009475231,"y":0.9592822790145874,"z":-0.2549935281276703,"w":0.11742256581783295},"size":9.586894989013672,"orthographic":false}